Hash ID,Directory Path,ROI,diagnostics_Versions_PyRadiomics,diagnostics_Versions_Numpy,diagnostics_Versions_SimpleITK,diagnostics_Versions_PyWavelet,diagnostics_Versions_Python,diagnostics_Configuration_Settings,diagnostics_Configuration_EnabledImageTypes,diagnostics_Image-original_Hash,diagnostics_Image-original_Dimensionality,diagnostics_Image-original_Spacing,diagnostics_Image-original_Size,diagnostics_Image-original_Mean,diagnostics_Image-original_Minimum,diagnostics_Image-original_Maximum,diagnostics_Mask-original_Hash,diagnostics_Mask-original_Spacing,diagnostics_Mask-original_Size,diagnostics_Mask-original_BoundingBox,diagnostics_Mask-original_VoxelNum,diagnostics_Mask-original_VolumeNum,diagnostics_Mask-original_CenterOfMassIndex,diagnostics_Mask-original_CenterOfMass,original_shape_Elongation,original_shape_Flatness,original_shape_LeastAxisLength,original_shape_MajorAxisLength,original_shape_Maximum2DDiameterColumn,original_shape_Maximum2DDiameterRow,original_shape_Maximum2DDiameterSlice,original_shape_Maximum3DDiameter,original_shape_MeshVolume,original_shape_MinorAxisLength,original_shape_Sphericity,original_shape_SurfaceArea,original_shape_SurfaceVolumeRatio,original_shape_VoxelVolume,original_firstorder_10Percentile,original_firstorder_90Percentile,original_firstorder_Energy,original_firstorder_Entropy,original_firstorder_InterquartileRange,original_firstorder_Kurtosis,original_firstorder_Maximum,original_firstorder_MeanAbsoluteDeviation,original_firstorder_Mean,original_firstorder_Median,original_firstorder_Minimum,original_firstorder_Range,original_firstorder_RobustMeanAbsoluteDeviation,original_firstorder_RootMeanSquared,original_firstorder_Skewness,original_firstorder_TotalEnergy,original_firstorder_Uniformity,original_firstorder_Variance,original_glcm_Autocorrelation,original_glcm_ClusterProminence,original_glcm_ClusterShade,original_glcm_ClusterTendency,original_glcm_Contrast,original_glcm_Correlation,original_glcm_DifferenceAverage,original_glcm_DifferenceEntropy,original_glcm_DifferenceVariance,original_glcm_Id,original_glcm_Idm,original_glcm_Idmn,original_glcm_Idn,original_glcm_Imc1,original_glcm_Imc2,original_glcm_InverseVariance,original_glcm_JointAverage,original_glcm_JointEnergy,original_glcm_JointEntropy,original_glcm_MCC,original_glcm_MaximumProbability,original_glcm_SumAverage,original_glcm_SumEntropy,original_glcm_SumSquares,original_gldm_DependenceEntropy,original_gldm_DependenceNonUniformity,original_gldm_DependenceNonUniformityNormalized,original_gldm_DependenceVariance,original_gldm_GrayLevelNonUniformity,original_gldm_GrayLevelVariance,original_gldm_HighGrayLevelEmphasis,original_gldm_LargeDependenceEmphasis,original_gldm_LargeDependenceHighGrayLevelEmphasis,original_gldm_LargeDependenceLowGrayLevelEmphasis,original_gldm_LowGrayLevelEmphasis,original_gldm_SmallDependenceEmphasis,original_gldm_SmallDependenceHighGrayLevelEmphasis,original_gldm_SmallDependenceLowGrayLevelEmphasis,original_glrlm_GrayLevelNonUniformity,original_glrlm_GrayLevelNonUniformityNormalized,original_glrlm_GrayLevelVariance,original_glrlm_HighGrayLevelRunEmphasis,original_glrlm_LongRunEmphasis,original_glrlm_LongRunHighGrayLevelEmphasis,original_glrlm_LongRunLowGrayLevelEmphasis,original_glrlm_LowGrayLevelRunEmphasis,original_glrlm_RunEntropy,original_glrlm_RunLengthNonUniformity,original_glrlm_RunLengthNonUniformityNormalized,original_glrlm_RunPercentage,original_glrlm_RunVariance,original_glrlm_ShortRunEmphasis,original_glrlm_ShortRunHighGrayLevelEmphasis,original_glrlm_ShortRunLowGrayLevelEmphasis,original_glszm_GrayLevelNonUniformity,original_glszm_GrayLevelNonUniformityNormalized,original_glszm_GrayLevelVariance,original_glszm_HighGrayLevelZoneEmphasis,original_glszm_LargeAreaEmphasis,original_glszm_LargeAreaHighGrayLevelEmphasis,original_glszm_LargeAreaLowGrayLevelEmphasis,original_glszm_LowGrayLevelZoneEmphasis,original_glszm_SizeZoneNonUniformity,original_glszm_SizeZoneNonUniformityNormalized,original_glszm_SmallAreaEmphasis,original_glszm_SmallAreaHighGrayLevelEmphasis,original_glszm_SmallAreaLowGrayLevelEmphasis,original_glszm_ZoneEntropy,original_glszm_ZonePercentage,original_glszm_ZoneVariance,original_ngtdm_Busyness,original_ngtdm_Coarseness,original_ngtdm_Complexity,original_ngtdm_Contrast,original_ngtdm_Strength
2211ac8f-8218-3c91-a898-762b49985c6d,/home/andrew/Desktop/ONKO/DicompylerDICOM,lips,2.2.0,1.17.0,1.2.0,1.0.0,3.6.8,"{'minimumROIDimensions': 2, 'minimumROISize': None, 'normalize': False, 'normalizeScale': 1, 'removeOutliers': None, 'resampledPixelSpacing': None, 'interpolator': 'sitkBSpline', 'preCrop': False, 'padDistance': 5, 'distances': [1], 'force2D': False, 'force2Ddimension': 0, 'resegmentRange': None, 'label': 1, 'additionalInfo': True}",{'Original': {}},e519b4d3d4381114558d2298ded7873c27952b7d,3D,"(0.9765625, 0.9765625, 2.0)","(512, 512, 186)",-871.3354057394048,-1024.0,2675.0,4118cfe70e34437823c1f2d74da60a7e16957543,"(0.9765625, 0.9765625, 2.0)","(512, 512, 186)","(220, 158, 97, 68, 29, 15)",5644,1,"(252.1417434443657, 169.1405031892275, 104.94525159461375)","(-3.2795474176116386, -299.33544610427, -676.1094968107725)",0.5426579866040461,0.30816660967375986,20.566583811224657,66.73852119474411,66.03887765412436,31.865256821264698,66.66425064795317,67.40389570529288,10641.018549601236,36.21619154047129,0.3942735487995572,5933.923586319912,0.5576462026318224,10765.07568359375,-3.0,71.0,52570441.0,2.6413485139726682,31.0,35.72762438211327,933.0,37.23991974066274,45.983876683203405,37.0,-605.0,1538.0,13.804491973069094,96.51110932920956,4.685080959611041,100270158.7677002,0.2572079077974465,7199.877309138584,749.060404048061,26149.29189842761,635.5609613966533,26.71828033256647,8.526072427704953,0.504817934321819,1.2966289908953892,2.0481949096105065,6.817162021000494,0.6542064290607896,0.6295809011415069,0.9979761252034649,0.9811963935555058,-0.1582300411593797,0.7196589494964507,0.4242885446608946,27.285740386714913,0.10056865459529293,4.626702777591084,0.6268343361756773,0.25231737410824745,54.57148077342985,3.361109169299042,8.811088190067853,6.472749184667247,297.2282069454288,0.05266268726885698,31.256481422417064,1451.681431608788,11.614415639796858,759.7590361445783,114.60134656272147,83324.38660524451,0.15831431097477663,0.0015529538941578501,0.09926714725982082,104.38230001223475,0.00029664095658123646,790.0758985870672,0.2026343289082033,16.47623452366128,776.1921223517701,3.1762229009907776,2355.679195073474,0.004643446557348661,0.0016319255987810484,4.162766533896335,2195.7895159089953,0.5577530215686568,0.68733304257755,0.966575870558323,0.7726554625390195,611.5040168522312,0.0013157557626933872,27.092936802973977,0.050358618592888434,75.34108152181423,1089.6096654275093,12725.275092936803,9308643.531598512,17.416789982058074,0.003036662416709177,258.2453531598513,0.48000995011124775,0.719890007572631,852.4285217604878,0.0026655089436100968,6.2589852174962175,0.09532246633593196,12615.220173850557,0.3216182194706574,0.0013242062320251407,1148.9227896731916,0.009270952071924674,6.302217230613282
2211ac8f-8218-3c91-a898-762b49985c6d,/home/andrew/Desktop/ONKO/DicompylerDICOM,Brain Avoid,2.2.0,1.17.0,1.2.0,1.0.0,3.6.8,"{'minimumROIDimensions': 2, 'minimumROISize': None, 'normalize': False, 'normalizeScale': 1, 'removeOutliers': None, 'resampledPixelSpacing': None, 'interpolator': 'sitkBSpline', 'preCrop': False, 'padDistance': 5, 'distances': [1], 'force2D': False, 'force2Ddimension': 0, 'resegmentRange': None, 'label': 1, 'additionalInfo': True}",{'Original': {}},e519b4d3d4381114558d2298ded7873c27952b7d,3D,"(0.9765625, 0.9765625, 2.0)","(512, 512, 186)",-871.3354057394048,-1024.0,2675.0,03e4e812e9bd4b8393018ecf4a5f1dcc5aa520b4,"(0.9765625, 0.9765625, 2.0)","(512, 512, 186)","(206, 253, 111, 90, 54, 13)",18032,1,"(251.02212732919256, 280.84876885536823, 116.96395297249335)","(-4.37292253008539, -190.24534291467944, -652.0720940550133)",0.5242248126764852,0.24592428542359338,19.944791167473376,81.10134846226912,87.890625,54.458902244641386,88.32898495125782,88.32898495125782,34279.02857462565,42.51533920544338,0.5090529191443293,10024.749509552594,0.29244555421775315,34393.310546875,23.0,68.0,50316652.0,1.708771864890446,22.0,162.26460089721405,739.0,14.645811604077224,46.99589618456078,47.0,-55.0,794.0,9.660869512163051,52.8243204286519,7.749744915341979,95971397.39990234,0.3660887619485894,581.7945705588762,29.481316075263415,523.646681993428,15.450825584175801,2.2771371595938223,0.9665911933474701,0.3933258324189098,0.547294266872374,1.2435792484236787,0.6647858420293766,0.7523223525124947,0.7466808883040101,0.9991772047022652,0.9841791186106074,-0.11345217797863098,0.5473446908445806,0.44616247045787916,5.399412794248368,0.16235049227207654,3.110779935507615,0.5461865928744342,0.24561509090336234,10.798825588496737,2.409913585518168,0.8109320882353234,5.9831783184431835,890.1105811889973,0.04936283169859124,30.10174526317799,6601.312555456965,1.018060637812183,30.196151286601598,187.3265306122449,5606.406333185448,6.609727456787475,0.03726680402395799,0.032607489287367154,1.670277100698813,0.001377228436306829,3285.602925301942,0.32735101899777863,1.49537971196087,30.605803706179753,5.20098683057366,156.2300767295434,0.18712214618667167,0.03837393543738785,3.619066604762049,4119.243952302391,0.405445638558506,0.5561949696266466,1.8381054792513347,0.6550570567646447,20.44562461074018,0.025747929540010484,86.27593818984548,0.19045460969060812,16.24359555380125,60.3355408388521,253969.87637969095,7551789.556291391,8895.373090991294,0.0438610869293256,187.3002207505519,0.4134662709725207,0.6679588207208764,47.56683940098866,0.028575829676853733,4.887263230830848,0.025122005323868678,252385.37948140674,9.670879306194243,0.0003945565107109226,247.32776953918133,0.0013324738482641298,1.1042971170145341
2211ac8f-8218-3c91-a898-762b49985c6d,/home/andrew/Desktop/ONKO/DicompylerDICOM,SPTV 70,2.2.0,1.17.0,1.2.0,1.0.0,3.6.8,"{'minimumROIDimensions': 2, 'minimumROISize': None, 'normalize': False, 'normalizeScale': 1, 'removeOutliers': None, 'resampledPixelSpacing': None, 'interpolator': 'sitkBSpline', 'preCrop': False, 'padDistance': 5, 'distances': [1], 'force2D': False, 'force2Ddimension': 0, 'resegmentRange': None, 'label': 1, 'additionalInfo': True}",{'Original': {}},e519b4d3d4381114558d2298ded7873c27952b7d,3D,"(0.9765625, 0.9765625, 2.0)","(512, 512, 186)",-871.3354057394048,-1024.0,2675.0,ef02856b678d9c4d306de5489297b606863f552b,"(0.9765625, 0.9765625, 2.0)","(512, 512, 186)","(188, 169, 78, 129, 115, 29)",128267,2,"(264.6743277694185, 227.71900800673595, 94.57498031450022)","(8.959304462322734, -242.12987499342194, -696.8500393709995)",0.7132214740732755,0.40561479007146145,52.14977505421577,128.5697078378922,132.17448429752395,92.22723223496764,124.682978115452,132.61028953894024,244410.11746724448,91.69867654531186,0.601426265275619,31432.663780105417,0.12860622999503277,244649.88708496094,-57.0,80.0,11800138616.0,3.5354152398661727,48.0,14.421968444071437,1940.0,116.57622266917593,34.89832926629609,34.0,-1024.0,2964.0,23.069286824186488,303.3095507980124,1.010390398646918,22506978256.225586,0.17105000507016796,90778.79021971326,1961.233900435354,4056730.880978679,10278.881548899684,530.4981927876581,38.23429613140952,0.8653787224753722,2.28234482557848,2.414184187251083,32.886655999081704,0.6349323827151987,0.6099332058052455,0.997472403615827,0.983010631665717,-0.2814979206579358,0.9228764618094629,0.39296710638325993,42.8738340269753,0.06275730082470851,5.989787248073535,0.9149668547695117,0.18694146000047718,85.74766805395059,4.456668147283851,142.18312222976712,7.604386218704871,5714.632968729291,0.04455263605392885,42.7971297448181,21940.07100033524,145.23952925619383,1987.0295633327357,161.86572540092152,289973.79666632885,2.825828170971306,0.014435642851583578,0.09959835089337479,307.52202268540793,0.0005498040333921613,9799.607567789415,0.12315361498774295,197.61561017247402,2106.033174805602,4.367138886375181,8164.177956129642,0.06739321600551193,0.012768402522324486,5.456426344985776,40688.97306622932,0.5098639588871532,0.6187747792915139,1.7085933890319132,0.7415539768434386,1640.8385219792106,0.008273242752150179,180.7699721226603,0.014398245489658327,619.087870510336,3264.430585424134,166494.57228195938,307452139.6904022,254.90150843750502,0.0046710117337526134,6944.460772600558,0.553123120079694,0.7716387762260456,2574.1827316972226,0.003232347821022478,7.847749138500333,0.09788176226153258,166390.19729350795,1.6053826434642295,6.979849476425528e-05,9536.831770044435,0.030844967564942993,2.012335491406904
2211ac8f-8218-3c91-a898-762b49985c6d,/home/andrew/Desktop/ONKO/DicompylerDICOM,Post Avoid,2.2.0,1.17.0,1.2.0,1.0.0,3.6.8,"{'minimumROIDimensions': 2, 'minimumROISize': None, 'normalize': False, 'normalizeScale': 1, 'removeOutliers': None, 'resampledPixelSpacing': None, 'interpolator': 'sitkBSpline', 'preCrop': False, 'padDistance': 5, 'distances': [1], 'force2D': False, 'force2Ddimension': 0, 'resegmentRange': None, 'label': 1, 'additionalInfo': True}",{'Original': {}},e519b4d3d4381114558d2298ded7873c27952b7d,3D,"(0.9765625, 0.9765625, 2.0)","(512, 512, 186)",-871.3354057394048,-1024.0,2675.0,f2ca8133cfe4ac21535285b56957ef0ffcfac1a6,"(0.9765625, 0.9765625, 2.0)","(512, 512, 186)","(189, 274, 32, 114, 74, 76)",178117,1,"(243.79606663036094, 309.91433159103286, 59.33848537758889)","(-11.429622431288152, -161.86100430563198, -767.3230292448222)",0.5194315238857309,0.28317188564040335,46.66850934994892,164.80629510378975,169.58282643585304,160.88789359874355,112.55915464082445,170.27593070697046,339459.6576690674,85.60558501172298,0.5904774933276443,39854.08919417423,0.11740449356437874,339731.21643066406,-53.0,336.0,10908009399.0,4.0299286647659915,59.0,10.487124545327063,1622.0,130.11806585553535,82.32913758933735,45.0,-884.0,2506.0,39.75182989632311,247.46857974816754,1.39444715897493,20805376813.88855,0.1279108404148323,54462.61106637112,1652.2580046333735,864095.8683102379,5728.028526366006,294.9522103564997,39.65898345920508,0.7611618361842216,2.9328322390266526,2.9278825848708063,30.670813373396243,0.5467746165830574,0.5061626450111926,0.9963404605327112,0.9741570421821979,-0.23614460019707614,0.9134865130947892,0.3704527010664996,39.85517040797556,0.03930299785913528,7.060316095141994,0.9450187946199183,0.1155494816341339,79.71034081595124,4.939808861006522,83.6527984539264,7.761153799894994,9911.343998607657,0.05564513212443314,37.760989753017874,22783.095162168687,87.23209595906297,1672.4835978598337,111.73439368504971,162721.13155397857,0.084925909201479,0.0009547000826168231,0.13973452265630645,357.25848372104764,0.00012969597887484306,11304.19399800587,0.0894937619896061,114.65658714179654,1762.678218534122,3.0760785001436632,4790.769254964435,0.0026314642819244833,0.0010077012525589973,5.55286760623775,77403.68620816011,0.6118877600820501,0.707662336035821,1.0577959425274623,0.8095738951199885,1485.2112649323606,0.0008385050138552268,543.1567117747705,0.021121352923268416,231.09584359141613,2682.6241250583294,123146.12517498834,180409161.76571006,84.33024452679491,0.0009321561118560177,12192.25486078706,0.47411163714368715,0.7159833175666597,2008.066426334752,0.0006141892793881676,7.581683549216318,0.14437701061661717,123098.1513982866,2.8679046487450415,5.244811460341841e-05,8628.59116179295,0.03350929084624848,0.6210488130785166
2211ac8f-8218-3c91-a898-762b49985c6d,/home/andrew/Desktop/ONKO/DicompylerDICOM,L PAROTID PRV,2.2.0,1.17.0,1.2.0,1.0.0,3.6.8,"{'minimumROIDimensions': 2, 'minimumROISize': None, 'normalize': False, 'normalizeScale': 1, 'removeOutliers': None, 'resampledPixelSpacing': None, 'interpolator': 'sitkBSpline', 'preCrop': False, 'padDistance': 5, 'distances': [1], 'force2D': False, 'force2Ddimension': 0, 'resegmentRange': None, 'label': 1, 'additionalInfo': True}",{'Original': {}},e519b4d3d4381114558d2298ded7873c27952b7d,3D,"(0.9765625, 0.9765625, 2.0)","(512, 512, 186)",-871.3354057394048,-1024.0,2675.0,5127b778f6d4afa882c252a30a5c02a00e039e76,"(0.9765625, 0.9765625, 2.0)","(512, 512, 186)","(295, 234, 109, 32, 38, 12)",5378,1,"(312.68817404239496, 252.0790256600967, 113.64931201190034)","(55.847826213276335, -218.34079525381182, -658.7013759761993)",0.7443606923107977,0.5272257056688288,18.58290716774304,35.246587880553186,35.09530829131581,40.41170267250101,37.22484092294125,41.88429526031356,10202.01047261556,26.236174556361938,0.6712036112921604,3389.1205488466294,0.3322012418967589,10257.720947265625,-21.0,65.0,34752001.0,2.7021736329266988,43.0,108.59192152685083,1613.0,34.43870549008875,26.19951654890294,19.0,-248.0,1861.0,18.06138722689313,80.38583162701421,8.180784955241851,66284181.59484863,0.20592413951527105,5775.46725897044,134.3104356082577,19022.241291508377,345.72478253376084,15.213297645404221,4.615699650332512,0.5224732871116105,0.928096359847357,1.682689729405741,3.741948250044927,0.6754934340454585,0.6571351395725821,0.9992441924545297,0.9882965618833844,-0.2173711843933533,0.8087416259080327,0.4761344747276244,11.474331728856841,0.06963936949998986,4.583891567957599,0.7854588616064326,0.15467469816496965,22.948663457713682,3.462672130517956,4.957249323934182,6.753999376814446,291.6199330606173,0.054224606370512705,25.387538116876588,1107.4600223131276,9.278658241688483,142.9996281145407,127.39828932688732,16685.589066567496,1.016100578384699,0.008604940351610687,0.05892604467864611,20.59751266112931,0.0005442503739726574,642.2770490342602,0.1834379163052589,13.548640699956755,149.89481772442136,3.4628171682626907,472.453785410692,0.028644594944433235,0.008882199236042455,4.272594630801287,1764.0037009418584,0.49827698153651373,0.6499985696713105,1.0153998343481847,0.7298025040362501,114.72536478668869,0.006663529767432839,15.538181818181819,0.056502479338842976,115.95892892561983,387.78909090909093,18880.836363636365,2464152.7854545456,147.31146758034367,0.011488821612739978,126.97818181818182,0.4617388429752066,0.7035598220762368,343.4074158091237,0.005772339393794072,6.118180080481015,0.05113425065079955,18498.385004958676,0.592473950227237,0.0017808752404382712,1097.6368936103438,0.006444762382990574,12.645455264161392
2211ac8f-8218-3c91-a898-762b49985c6d,/home/andrew/Desktop/ONKO/DicompylerDICOM,Brain,2.2.0,1.17.0,1.2.0,1.0.0,3.6.8,"{'minimumROIDimensions': 2, 'minimumROISize': None, 'normalize': False, 'normalizeScale': 1, 'removeOutliers': None, 'resampledPixelSpacing': None, 'interpolator': 'sitkBSpline', 'preCrop': False, 'padDistance': 5, 'distances': [1], 'force2D': False, 'force2Ddimension': 0, 'resegmentRange': None, 'label': 1, 'additionalInfo': True}",{'Original': {}},e519b4d3d4381114558d2298ded7873c27952b7d,3D,"(0.9765625, 0.9765625, 2.0)","(512, 512, 186)",-871.3354057394048,-1024.0,2675.0,0a0f38dafacb27261bcc10c9052631f4820d9055,"(0.9765625, 0.9765625, 2.0)","(512, 512, 186)","(185, 178, 110, 131, 164, 66)",656021,1,"(250.50163028317692, 267.15579836621083, 144.41830977971742)","(-4.881220426585031, -203.61738440799724, -597.1633804405651)",0.7850845138623384,0.7017094767742741,103.88765318363681,148.0493802951095,136.36516867776618,161.59061122096674,159.64631566671693,166.31019252938214,1251004.2985280354,116.23127575660651,0.8013935421550858,70061.18640923896,0.05600395337703859,1251260.757446289,19.0,62.0,2225210286.0,1.7045248277567338,22.0,355.0219243173804,1637.0,16.11838631384795,41.796908940415015,38.0,-137.0,1774.0,9.002573174450665,58.2407096958445,15.186878240124836,4244251796.722412,0.40132960066286855,1644.9986689022903,67.55161342073743,15629.768155770864,235.44770607807186,6.3295373886322785,1.8907314247776528,0.5302983291233112,0.5057884206746522,1.2023289065300227,1.6327698663764463,0.791995361144626,0.7880295404374735,0.9996645757101482,0.9932746203992919,-0.17493734600718913,0.6570706734519238,0.37539762575897373,8.151182185549045,0.21321350702696995,3.012920515085779,0.605137287598816,0.4105841490429207,16.302364371098164,2.4339232498567225,2.055067203352484,5.982653247256323,30370.277010949343,0.04629467198603299,43.95035212836494,263280.6459564557,2.7004533786334686,69.87296748122392,305.73945803564214,20007.23187519912,4.757771974447023,0.015573462863655223,0.028886082393533304,5.032581557412174,0.0003801260536782132,80297.94232380239,0.2941715874738141,5.9007650071494595,75.74657307519539,12.024934696094034,793.8795560842672,0.18759093200376256,0.015573136082115979,4.280150141228113,90131.51870534105,0.32857768925798997,0.4161577613662227,6.159541772753477,0.5905677881592786,48.554424911535065,0.009194309482217193,1872.020759890325,0.12221052094857848,64.30156514251952,210.31087609348478,10957254.078665622,710967667.697219,170554.79077828402,0.012007884753488032,7644.511946729338,0.49905418114175076,0.7342472192147227,175.74658683142985,0.008348070227841637,5.521824777972404,0.023349862275750317,10955419.94343347,71.37285833432914,1.2791328439014673e-05,1659.494672838124,0.0004867514993255007,0.5952062762104379
2211ac8f-8218-3c91-a898-762b49985c6d,/home/andrew/Desktop/ONKO/DicompylerDICOM,Left_Cochlear,2.2.0,1.17.0,1.2.0,1.0.0,3.6.8,"{'minimumROIDimensions': 2, 'minimumROISize': None, 'normalize': False, 'normalizeScale': 1, 'removeOutliers': None, 'resampledPixelSpacing': None, 'interpolator': 'sitkBSpline', 'preCrop': False, 'padDistance': 5, 'distances': [1], 'force2D': False, 'force2Ddimension': 0, 'resegmentRange': None, 'label': 1, 'additionalInfo': True}",{'Original': {}},e519b4d3d4381114558d2298ded7873c27952b7d,3D,"(0.9765625, 0.9765625, 2.0)","(512, 512, 186)",-871.3354057394048,-1024.0,2675.0,04ef10fb188f73b4979e163dcd6e5109e4f88cfa,"(0.9765625, 0.9765625, 2.0)","(512, 512, 186)","(281, 258, 121, 9, 8, 3)",147,1,"(285.23809523809524, 261.3265306122449, 122.0)","(29.041108630952408, -209.3100286989796, -642.0)",0.9122800385168522,0.747330651629815,6.201585536709931,8.298315508918591,9.850642428288625,9.095605615015762,8.343753657536652,10.277072788379785,267.34670003255206,7.570387592101246,0.8729581824834317,229.90084609594064,0.8599352304253165,280.3802490234375,502.59999999999997,1643.8000000000002,212312815.0,5.6700247099883265,744.0,2.0657351448025527,1828.0,370.6348280808922,1120.0884353741496,1193.0,22.0,1806.0,288.10782380013154,1201.7923547541723,-0.31737315352170814,404954557.41882324,0.022629459947244208,189706.76088666762,2267.0990246746705,1511379.4618794746,-8757.827776383901,785.1811481777647,468.9273018847367,0.2606533666167295,17.271341296607382,4.910786578731031,150.9117110865505,0.12820340158022614,0.06434755496563499,0.9293191877471745,0.8264192426216324,-0.6766618271293863,0.9997155953312992,0.06262290712616231,46.768794839148754,0.00621679233172595,7.387204109563904,0.9607380377856756,0.012742008390437893,93.53758967829748,5.769666033231037,313.52711251562545,6.1551221746211375,76.31972789115646,0.5191818223888195,0.5179323430052293,3.326530612244898,304.6659262344394,2362.2448979591836,2.578231292517007,6596.693877551021,0.00907861021358439,0.007863704688224995,0.7459845049130763,1720.7422052154195,0.007665189244629382,3.2425173749848284,0.022430421112819645,304.6170421937298,2357.74688711953,1.05292991597143,2496.534851067723,0.0080268716738069,0.00798615348382853,5.719576410008019,139.9099904667823,0.9675305112170426,0.9832548403976975,0.01781336797100764,0.9873736918260791,2324.626546432536,0.007976206989320842,2.5,0.020833333333333332,305.24270833333327,2319.008333333333,1.825,4506.966666666666,0.010108463882695696,0.00945391142307386,85.31666666666666,0.7109722222222222,0.8684027777777777,1996.479976851852,0.009352839172316848,6.039898095464264,0.8163265306122449,0.32437499999999997,0.016475007852886806,0.026451457850623136,18237.05049472486,2.075201480122225,45.557282363011936
2211ac8f-8218-3c91-a898-762b49985c6d,/home/andrew/Desktop/ONKO/DicompylerDICOM,Ring 56,2.2.0,1.17.0,1.2.0,1.0.0,3.6.8,"{'minimumROIDimensions': 2, 'minimumROISize': None, 'normalize': False, 'normalizeScale': 1, 'removeOutliers': None, 'resampledPixelSpacing': None, 'interpolator': 'sitkBSpline', 'preCrop': False, 'padDistance': 5, 'distances': [1], 'force2D': False, 'force2Ddimension': 0, 'resegmentRange': None, 'label': 1, 'additionalInfo': True}",{'Original': {}},e519b4d3d4381114558d2298ded7873c27952b7d,3D,"(0.9765625, 0.9765625, 2.0)","(512, 512, 186)",-871.3354057394048,-1024.0,2675.0,8df135bb7d8f43336207c796ca14d466dac5a3a8,"(0.9765625, 0.9765625, 2.0)","(512, 512, 186)","(158, 156, 24, 180, 152, 103)",519658,6,"(246.36192072478437, 253.29177843889636, 66.95711410196706)","(-8.92390554220276, -217.15646636826528, -752.0857717960658)",0.6391839657244179,0.3898503725162667,93.08765248815602,238.77789801078592,231.47114425992714,211.26586478889578,176.65796990251565,231.6379464695474,992090.7815297445,152.62300377787474,0.2980023999565946,161422.95960894652,0.16270986749825656,991168.9758300781,-301.29999999999563,413.0,76015560884.0,4.923235438088073,120.0,6.448330095238363,1962.0,213.27175940689273,27.333546293908686,26.0,-1024.0,2986.0,69.9613477687995,382.46565616688514,0.4488723296332484,144988176124.57275,0.06754886958264487,145532.8553941648,2015.907527556443,4554835.325159448,6751.7983693277365,853.7061392595041,66.87541084833143,0.8543839412030412,3.935187143467021,3.289822329020204,50.802757105349954,0.49543984767251525,0.44770777950456125,0.9956435346568081,0.9710039569811315,-0.2763242581497614,0.962265960395208,0.34672257316985594,42.6520628991333,0.016190238310081546,8.431392380454438,0.9244277524583423,0.07205168424164751,85.30412579826681,5.90135994676019,230.14538752695873,8.535724130393312,35704.646671464696,0.06870797076435789,31.08165189905741,35102.31046957807,232.91553298683564,2048.895096390318,84.30341878697143,144524.37224097387,1.0600202949257531,0.007391591555082943,0.1857068172250624,557.7758321228869,0.000436208598159266,20497.839112094895,0.051955179848246116,271.1029972486019,2158.0666672469015,2.4548033354885694,4660.049105391367,0.023095001322109534,0.0061447390844602,6.167303310889922,261612.63199806956,0.6623400394232054,0.7578721152995003,0.6989650129110163,0.8399931072714429,1884.5607682532504,0.004453391387761228,1348.6636338129786,0.013514205316976417,471.37461381125706,3145.648833620586,72604.30492204096,130688294.3837228,62.89689847029202,0.0021987546154996107,53242.79684556495,0.5335163417929071,0.7585053397986983,2430.7628863172094,0.001355979744772837,7.944720857268403,0.19204168895696785,72577.18996214986,5.5241038577180985,2.327723606247791e-05,15285.590111675245,0.08157117533380509,0.3237219710804591
2211ac8f-8218-3c91-a898-762b49985c6d,/home/andrew/Desktop/ONKO/DicompylerDICOM,Ring 70,2.2.0,1.17.0,1.2.0,1.0.0,3.6.8,"{'minimumROIDimensions': 2, 'minimumROISize': None, 'normalize': False, 'normalizeScale': 1, 'removeOutliers': None, 'resampledPixelSpacing': None, 'interpolator': 'sitkBSpline', 'preCrop': False, 'padDistance': 5, 'distances': [1], 'force2D': False, 'force2Ddimension': 0, 'resegmentRange': None, 'label': 1, 'additionalInfo': True}",{'Original': {}},e519b4d3d4381114558d2298ded7873c27952b7d,3D,"(0.9765625, 0.9765625, 2.0)","(512, 512, 186)",-871.3354057394048,-1024.0,2675.0,8da40a7d373319807b61ad2992e723d3d9208846,"(0.9765625, 0.9765625, 2.0)","(512, 512, 186)","(177, 159, 73, 150, 135, 39)",336891,1,"(260.32089013954067, 229.29241208580817, 94.90438450418681)","(4.707900526895173, -240.59334757245296, -696.1912309916264)",0.7872295902037547,0.505682591447712,72.74485646483922,143.85477707780868,151.8475291835222,122.26602960196632,145.4422566251192,152.12776135185118,642157.9519907633,113.24673720781583,0.6751835247704716,53311.82272674451,0.08301979686068162,642568.5882568359,-77.0,286.0,40743149566.0,4.182874173547024,86.0,10.838682271774708,1950.0,165.72902370624976,60.17600945112811,28.0,-1024.0,2974.0,39.65702969022774,347.76237615677474,1.3842206755194222,77711390621.1853,0.1102531084886813,117317.51815674381,2091.900101932265,5043971.56176581,22997.078006476073,690.8793079250362,60.67904247352072,0.838573666290766,3.278679515871929,2.8960716316529105,49.523680950799914,0.5708714858910303,0.5366004116377742,0.996068779037789,0.9760791060339772,-0.2733273441208805,0.9422839301787506,0.36880020718321976,43.98124190085616,0.033430815223043794,7.174052214076625,0.8923428607190741,0.12181766387728432,87.9624838017124,5.157241239275875,187.88958759963873,8.101814485984818,17115.561564422915,0.05080444881110779,41.63776542377173,37143.279971860335,187.71567450035585,2117.310575230564,132.85046795551082,231924.99985752068,2.695494948894693,0.01261829573632097,0.13929876125727766,468.6405500114529,0.00046331720323271823,18499.688268334638,0.08164153658940357,242.77097304204852,2291.139531285639,3.5413555948612747,6758.440152348721,0.058494251531001476,0.009842034561363195,5.852994664284039,129856.77060099466,0.5718643132252382,0.6711333019604834,1.2901544919348815,0.784074960725274,1905.5217096470199,0.006183591934665737,622.8608528909083,0.012982217951788493,556.3564086421659,3539.037454666722,205771.96850639876,375230610.4574805,339.8812032829625,0.0027414549063243363,26417.538121639085,0.5506177440001476,0.77019781213627,2755.7714747872483,0.001971747072760086,7.915370556552818,0.14241401521560387,205722.66310056785,3.9643369688721677,2.9483384668502843e-05,12821.178902920576,0.054389062179509694,0.5724265726214132
2211ac8f-8218-3c91-a898-762b49985c6d,/home/andrew/Desktop/ONKO/DicompylerDICOM,PTV_56cf,2.2.0,1.17.0,1.2.0,1.0.0,3.6.8,"{'minimumROIDimensions': 2, 'minimumROISize': None, 'normalize': False, 'normalizeScale': 1, 'removeOutliers': None, 'resampledPixelSpacing': None, 'interpolator': 'sitkBSpline', 'preCrop': False, 'padDistance': 5, 'distances': [1], 'force2D': False, 'force2Ddimension': 0, 'resegmentRange': None, 'label': 1, 'additionalInfo': True}",{'Original': {}},e519b4d3d4381114558d2298ded7873c27952b7d,3D,"(0.9765625, 0.9765625, 2.0)","(512, 512, 186)",-871.3354057394048,-1024.0,2675.0,4c98684de162a436309b29c42a1dd1a6fa61a0e0,"(0.9765625, 0.9765625, 2.0)","(512, 512, 186)","(168, 166, 29, 160, 132, 93)",441911,1,"(251.8970561945731, 240.7149561789591, 81.7543600408227)","(-3.5184998099871905, -229.43851935648524, -722.4912799183546)",0.6960755934060662,0.4906029737318192,92.61073373753197,188.7692058469997,210.1688402362491,190.05756734802748,156.61882738765846,210.1892587053336,842454.5923868815,131.39763697674218,0.4751918647040147,90777.76005127934,0.10775389068042655,842878.3416748047,-93.0,95.0,36316662099.0,3.963669800769435,78.0,13.147627068288879,1950.0,126.481568230245,18.931189764454835,28.0,-1024.0,2974.0,34.78365761931286,286.6721849697083,0.45913987911852594,69268535802.84119,0.1223129901362112,81822.55168940887,1888.7945161749153,2923876.0903293258,2041.1395861904134,469.5009664656351,37.91003709798856,0.8502134879650469,2.5390065471614593,2.66838812920237,31.27291310573132,0.585688180153715,0.5509662694993209,0.9975110786786814,0.9810150069080783,-0.2687473024051456,0.9317283928130432,0.3885800887826028,42.200667855150634,0.03704763791159283,6.76768758081033,0.9092641803641838,0.12478550505250803,84.40133571030135,4.906184661457721,126.85275089090615,7.921871241547665,21959.947362704253,0.04969314491538852,37.90318842330848,54051.45578408322,130.92256440931715,1918.4558904394776,129.2234160272091,226521.9684167174,2.8609740421599343,0.01314415755906703,0.11286450430843618,315.42899998620953,0.0004561148054081076,27814.13589382434,0.09366394051238083,161.35056801291128,2000.366515495044,3.4734352116709126,6343.3687897276695,0.06278779605768062,0.010158241068588762,5.59005188998325,167339.3781976015,0.5620042493530869,0.6709168553431313,1.223430907888398,0.7776757389903827,1610.5596707792834,0.006368524722765666,724.8112323531225,0.01489450367534107,485.8605668944331,2965.2080019727514,409563.12395454454,751159562.0150217,617.8229486180198,0.0035561197171081953,26014.36555493907,0.5345820347068424,0.759271390261987,2303.277729102935,0.002414717653654261,7.869864896183406,0.11011945844298965,409480.65853625623,5.001836724175055,2.282994572597305e-05,10654.831065209884,0.029711458675679914,0.5573372631364791
2211ac8f-8218-3c91-a898-762b49985c6d,/home/andrew/Desktop/ONKO/DicompylerDICOM,mid line structures,2.2.0,1.17.0,1.2.0,1.0.0,3.6.8,"{'minimumROIDimensions': 2, 'minimumROISize': None, 'normalize': False, 'normalizeScale': 1, 'removeOutliers': None, 'resampledPixelSpacing': None, 'interpolator': 'sitkBSpline', 'preCrop': False, 'padDistance': 5, 'distances': [1], 'force2D': False, 'force2Ddimension': 0, 'resegmentRange': None, 'label': 1, 'additionalInfo': True}",{'Original': {}},e519b4d3d4381114558d2298ded7873c27952b7d,3D,"(0.9765625, 0.9765625, 2.0)","(512, 512, 186)",-871.3354057394048,-1024.0,2675.0,e529aa050f2cc32a3fba6de8a9db283f275a5886,"(0.9765625, 0.9765625, 2.0)","(512, 512, 186)","(234, 206, 29, 36, 74, 48)",30701,1,"(248.72548125468225, 237.7646982182991, 57.37532979381779)","(-6.615740962224351, -232.3196306461923, -771.2493404123644)",0.2964222686483091,0.20072509655959295,24.28813581446799,121.00198844471412,97.26325423817568,119.5747901195269,46.18841246244323,120.59133906350367,58431.86378479004,35.86768392573864,0.6081010559180793,11974.981735463298,0.20493923965130162,58557.51037597656,-995.0,119.0,10454195311.0,4.677925345373004,1018.0,1.726555242051578,1582.0,457.6205141919894,-302.3451679098401,-5.0,-1024.0,2606.0,402.82513067888976,583.5378675111428,-0.3546986194074541,19939795133.5907,0.06669484436955389,249103.84226102277,1193.6514692281698,3893384.7860699203,-18923.484064196582,1549.282491289966,75.63101588013336,0.9070473130936745,4.467572113736408,3.4096037382924296,54.50320940400967,0.5017214782417658,0.4582414683047704,0.9935233676422937,0.9630652818741633,-0.2775631648694032,0.9581517485505628,0.31350480546577886,28.72641624782289,0.01703382047391828,8.03761876801337,0.9228928078088696,0.0568467227235679,57.45283249564588,5.741219308966086,406.2283767925259,8.238795574730059,2100.3948731311684,0.06841454262503399,40.42825848391053,2047.5984169896747,398.2593904669184,1264.6787401061854,103.15934334386502,77904.00657959025,25.42197570516767,0.12055810533488517,0.2073932082698864,295.07108384751353,0.003275223916702347,1183.8238105556486,0.05245300524037204,360.36091003607544,1389.5110080245138,2.776913444138742,2806.283094258042,0.5131032764920754,0.08497847415848198,5.963491013533413,14694.190315827982,0.6505380381191498,0.7338347786215932,0.9045386364689768,0.8327001422631228,1210.6580880634642,0.05277258825795,114.8229772016093,0.017109667292744643,344.38853803698476,1440.8953956191328,5973.482193413798,5768315.788407093,1191.5884443365676,0.011560294176904006,3757.3564297422145,0.5598802607274943,0.776010835215266,1072.1985338323072,0.00804560475914977,7.387415119292136,0.21859222826618024,5952.554056605381,0.7904822122454861,0.0002723427918117966,14579.716030815518,0.2124847521493912,4.157154424799347
2211ac8f-8218-3c91-a898-762b49985c6d,/home/andrew/Desktop/ONKO/DicompylerDICOM,External -0,2.2.0,1.17.0,1.2.0,1.0.0,3.6.8,"{'minimumROIDimensions': 2, 'minimumROISize': None, 'normalize': False, 'normalizeScale': 1, 'removeOutliers': None, 'resampledPixelSpacing': None, 'interpolator': 'sitkBSpline', 'preCrop': False, 'padDistance': 5, 'distances': [1], 'force2D': False, 'force2Ddimension': 0, 'resegmentRange': None, 'label': 1, 'additionalInfo': True}",{'Original': {}},e519b4d3d4381114558d2298ded7873c27952b7d,3D,"(0.9765625, 0.9765625, 2.0)","(512, 512, 186)",-871.3354057394048,-1024.0,2675.0,fc713c5e875f35986bf49121e70effc13cb2da20,"(0.9765625, 0.9765625, 2.0)","(512, 512, 186)","(41, 139, 3, 419, 242, 175)",4522172,2,"(249.68765517985605, 279.5156995355329, 62.25170603860269)","(-5.676117988421822, -191.54716842233114, -761.4965879227946)",0.7826106507493091,0.4041641120319738,166.00827787549636,410.7447270389097,411.2313852288826,380.16468503023873,409.2740698874369,427.3708368072397,8624316.771825155,321.45319811976844,0.5806030807310827,350284.77003246656,0.04061594434666575,8625358.581542969,-443.0,334.0,659989512903.0,4.581352178259122,80.0,7.064303946942005,1962.0,199.13545267217023,33.226252561822065,39.0,-1024.0,2986.0,54.70183310041585,382.0278101773081,0.70875094914841,1258830095106.125,0.10612638958989604,144841.2638895673,2033.5386308950624,5160341.338655824,14180.232797811048,864.9483827302695,48.00329179691279,0.8946635654051788,3.097632905433743,2.958342731219278,38.06127317320026,0.5566036413357197,0.5180014070752246,0.9968515544878458,0.9769407579680613,-0.3149522941038478,0.9690137356039159,0.3579560362752704,42.7703409088519,0.036329166819997157,7.699119485422768,0.9519772499171022,0.1386455606739238,85.54068181770423,5.5485135269000345,228.23791863179514,8.434374321741378,233398.64592368447,0.05161206737021158,45.483477397796925,479921.78746451926,231.8121225670615,2067.9269056992966,132.9631920236559,239637.4219629417,0.8420813709795282,0.004948370065411033,0.13918979880320376,434.1257533466929,0.00027076810694194386,198079.20478700087,0.06439279332218316,302.3759236728305,2196.232210335125,3.7074605042201725,7097.633683244874,0.019759596830644908,0.004330479185386985,6.295721040745253,1842552.0786473153,0.5985555173727856,0.6787284959528298,1.5159944735291597,0.8011051433432613,1839.680077829175,0.003046685169619864,8547.766765617112,0.013195091016838731,522.2158297989006,3281.1761904541377,2877932.4860427384,5349464693.623477,1724.297354626848,0.0017195344295395688,317668.286914614,0.49038094673596894,0.7280557186681226,2452.347748624393,0.0011104308529650848,8.166988070350373,0.143249526997204,2877883.7541132933,47.5317556883522,2.667484188099473e-06,11629.566277022757,0.06255305462790782,0.04801913820321491
2211ac8f-8218-3c91-a898-762b49985c6d,/home/andrew/Desktop/ONKO/DicompylerDICOM,Cord +0,2.2.0,1.17.0,1.2.0,1.0.0,3.6.8,"{'minimumROIDimensions': 2, 'minimumROISize': None, 'normalize': False, 'normalizeScale': 1, 'removeOutliers': None, 'resampledPixelSpacing': None, 'interpolator': 'sitkBSpline', 'preCrop': False, 'padDistance': 5, 'distances': [1], 'force2D': False, 'force2Ddimension': 0, 'resegmentRange': None, 'label': 1, 'additionalInfo': True}",{'Original': {}},e519b4d3d4381114558d2298ded7873c27952b7d,3D,"(0.9765625, 0.9765625, 2.0)","(512, 512, 186)",-871.3354057394048,-1024.0,2675.0,e5226f308c6d2a73bb3e353da2293e624170b75d,"(0.9765625, 0.9765625, 2.0)","(512, 512, 186)","(232, 264, 3, 33, 84, 106)",45501,1,"(245.05059229467483, 293.47475879650995, 58.36695896793477)","(-10.204499712231609, -177.91527461278326, -769.2660820641305)",0.1432652079460637,0.09595255648809578,24.419621018665776,254.4968254357596,128.95014782853102,224.9407366885168,29.378142493147116,225.4171948702318,86623.1918334961,36.46054061766718,0.5226308648581841,18115.28587029384,0.2091274344301971,86786.27014160156,-6.0,767.0,7440559743.0,4.726481113519357,328.0,4.880547947096497,1678.0,259.0186311670306,230.50743939693632,59.0,-344.0,2022.0,163.27695302023702,404.3824818166393,1.6242889227322252,14191741453.170776,0.07921044355533195,110391.51198285233,646.2290506725059,1563479.4217018858,21467.50418006919,565.0794602079317,100.8166872066208,0.6958864307511244,5.437736619817576,3.7346891719348045,70.31028349471347,0.44259138251526714,0.39278396841575225,0.9866319865209459,0.945101019902266,-0.17327847410213057,0.8810898477121718,0.30914170420836606,23.024053439050046,0.021216580757062516,8.419030413528034,0.7796345581445477,0.09195606837673707,46.04810687810013,5.575545762113264,166.4740368536383,7.89966251034606,4371.719105074614,0.09607962693291607,31.706908612780733,3604.15439221116,176.7345223116701,740.4236170633612,72.8225093953979,20019.07929496055,0.29175157557973147,0.0031693056567881433,0.2728103004875046,385.6651403881589,0.00046924937744421746,1939.5806842837555,0.053714784700971505,199.73305616935477,855.0923808059359,2.1925900489007315,1202.3161746874264,0.0077201465188269005,0.00294990122670883,5.849301048283814,25806.80107395215,0.714891779593652,0.7918405850758987,0.5882934426173562,0.8690163316706268,811.3903915733342,0.002428203306173475,274.00096118299444,0.020258851104103102,214.20339827183864,1450.028687615527,8820.979741219962,2193443.6533086877,35.76864110604596,0.0016743305271953526,7480.356007393715,0.5530762297518459,0.7719940869626118,1167.9301749508365,0.0011533413307456418,7.165231409431225,0.29724621436891496,8809.6618025714,2.705105517079072,0.000175753184133319,10942.937509515426,0.19445870094700035,1.0380025611947192
2211ac8f-8218-3c91-a898-762b49985c6d,/home/andrew/Desktop/ONKO/DicompylerDICOM,GTV_n_CF,2.2.0,1.17.0,1.2.0,1.0.0,3.6.8,"{'minimumROIDimensions': 2, 'minimumROISize': None, 'normalize': False, 'normalizeScale': 1, 'removeOutliers': None, 'resampledPixelSpacing': None, 'interpolator': 'sitkBSpline', 'preCrop': False, 'padDistance': 5, 'distances': [1], 'force2D': False, 'force2Ddimension': 0, 'resegmentRange': None, 'label': 1, 'additionalInfo': True}",{'Original': {}},e519b4d3d4381114558d2298ded7873c27952b7d,3D,"(0.9765625, 0.9765625, 2.0)","(512, 512, 186)",-871.3354057394048,-1024.0,2675.0,756bb33a2d19b82d2d6b8be6a784c9b1930b8ba6,"(0.9765625, 0.9765625, 2.0)","(512, 512, 186)","(195, 227, 82, 113, 46, 21)",16646,2,"(279.1359485762345, 249.07905803195962, 92.92376546918179)","(23.081981031479017, -221.27045114066445, -700.1524690616365)",0.33195980654700813,0.2840214380375257,32.472921408042936,114.33264204426895,113.96003959722022,46.739387817291274,107.63473229261605,114.46521400532633,31574.487686157227,37.95384173502384,0.5807446184398114,8318.719340697695,0.2634633196073917,31749.725341796875,11.0,58.0,35961487.0,1.8132168459392357,22.0,470.7833633611807,1321.0,15.91556720288703,35.64369818575033,38.0,-103.0,1424.0,9.688359703966754,46.4797598575418,13.73371211987129,68591093.06335449,0.37247804242297095,889.8948560578931,49.16679070163229,2698.66440450791,36.391331387900934,2.828054093882474,0.7699485942665442,0.542373552775,0.5023447488547327,1.247510254771608,0.515868732814067,0.7722547204132186,0.765857498685278,0.9997777960825831,0.9915514446904172,-0.15436757521747232,0.6293021752457647,0.4008072090443935,6.9751097461618565,0.19039441181851968,3.161884965612276,0.618524350441127,0.38006687101726794,13.95021949232371,2.4926136996360855,0.8995006720372546,6.157978068143589,690.9920701670071,0.04151099784735114,42.89157204458941,6200.269494172774,1.5057071958703738,49.6757779646762,235.1451399735672,11702.90874684609,4.865948978452142,0.02269194950582343,0.032739958952964325,2.3856964707613355,0.0011562833763382424,2403.7646370024254,0.2856514206041992,2.5640655792566,49.7606656119934,7.0512240414189815,350.0376977961659,0.15014353239850048,0.024320853114211623,3.9744513817217193,3292.8552772277567,0.3872532571490984,0.5051710274586642,3.008389582909755,0.6421924433130173,32.06183050614886,0.016622954235586778,65.58314350797266,0.14939212644185118,30.219498653493908,76.45330296127563,187340.43280182232,9298491.109339409,3810.871833134971,0.04239732808419868,155.60592255125286,0.3544554044447673,0.6186003030968789,62.9113864637118,0.02535782579501665,5.297689290477921,0.026372702150666828,185902.6584233166,5.7975637084211025,0.0005107358998060524,327.3156613007539,0.0018173889488181285,3.201075144850573
2211ac8f-8218-3c91-a898-762b49985c6d,/home/andrew/Desktop/ONKO/DicompylerDICOM,External ROI_1,2.2.0,1.17.0,1.2.0,1.0.0,3.6.8,"{'minimumROIDimensions': 2, 'minimumROISize': None, 'normalize': False, 'normalizeScale': 1, 'removeOutliers': None, 'resampledPixelSpacing': None, 'interpolator': 'sitkBSpline', 'preCrop': False, 'padDistance': 5, 'distances': [1], 'force2D': False, 'force2Ddimension': 0, 'resegmentRange': None, 'label': 1, 'additionalInfo': True}",{'Original': {}},e519b4d3d4381114558d2298ded7873c27952b7d,3D,"(0.9765625, 0.9765625, 2.0)","(512, 512, 186)",-871.3354057394048,-1024.0,2675.0,104a24df83324a2e3096daf4ecaffa98c44d3fb4,"(0.9765625, 0.9765625, 2.0)","(512, 512, 186)","(34, 134, 0, 434, 252, 186)",5574563,2,"(249.7646533010749, 279.11822289926585, 61.91566388253214)","(-5.600924510669046, -191.93532919993572, -762.1686722349357)",0.7992496690182382,0.4337856233509947,181.3440949931214,418.0500349279396,453.8509013156193,430.0725604913637,423.9192460370778,469.00663977113805,10628573.894500732,334.1263520492186,0.5435187193222214,430116.6775972598,0.04046795758928711,10632635.116577148,-394.0,278.0,758289368474.0,4.685496631292608,111.0,7.623291887916921,1962.0,195.97636375111006,18.917873562465793,32.0,-1024.0,2986.0,59.718981108978944,368.81796697057945,0.8458978758057528,1446322190235.138,0.09036925974750687,135668.80682018606,1992.3920034233743,4981651.161911111,17036.81695892222,820.7868258256912,51.63460294872131,0.8817037216534186,3.2347337213719194,3.026089121740476,40.795540936313806,0.5421872662684828,0.5008769519686139,0.9966309788665093,0.9759845527058393,-0.30312705264966167,0.9672457249702167,0.356955217931104,42.42761691723,0.028658009874151548,7.907382910486074,0.9352247160479608,0.11972647048060003,84.8552338344598,5.656028359078481,218.1053571936031,8.52441591528522,303521.98743345443,0.05444767373396882,43.018561392592645,503769.1317258411,217.1414883303695,2004.5208463874208,122.3242429944733,218244.00829679385,0.7136004772556345,0.004343163176559136,0.14709398180155578,418.91580357559695,0.00027001438350540864,225893.2111747968,0.05811623363726242,277.9233103184128,2105.0053154903317,3.4352729926668286,6467.695583438715,0.016555864832010415,0.0037736575999387945,6.275746822381763,2394443.701738998,0.6154150047017584,0.6959471635161909,1.3514013322849983,0.8116008874120421,1772.2314157906412,0.002695332466326936,10767.32927529862,0.012860059640687305,511.6075187998921,2993.9174984383753,2736006.719464115,5041069819.620983,1633.6559778673682,0.001674700855357887,422269.85009716114,0.5043419141245659,0.7381210987781599,2244.301005616243,0.0011129204180146295,8.124678302681495,0.15019455336678408,2735962.3900866397,58.83589699848216,2.198059975347616e-06,12566.068968478934,0.0619336130791488,0.03697757606804277
2211ac8f-8218-3c91-a898-762b49985c6d,/home/andrew/Desktop/ONKO/DicompylerDICOM,Brainstem,2.2.0,1.17.0,1.2.0,1.0.0,3.6.8,"{'minimumROIDimensions': 2, 'minimumROISize': None, 'normalize': False, 'normalizeScale': 1, 'removeOutliers': None, 'resampledPixelSpacing': None, 'interpolator': 'sitkBSpline', 'preCrop': False, 'padDistance': 5, 'distances': [1], 'force2D': False, 'force2Ddimension': 0, 'resegmentRange': None, 'label': 1, 'additionalInfo': True}",{'Original': {}},e519b4d3d4381114558d2298ded7873c27952b7d,3D,"(0.9765625, 0.9765625, 2.0)","(512, 512, 186)",-871.3354057394048,-1024.0,2675.0,9453e29600e3df00e115821306fc3bc3ed878dd0,"(0.9765625, 0.9765625, 2.0)","(512, 512, 186)","(232, 254, 109, 39, 30, 30)",12853,1,"(251.03680074690735, 269.37547654244145, 126.78689800046682)","(-4.358593020598306, -201.449729939022, -632.4262039990664)",0.5478858805122905,0.42561234645586205,23.640864864924282,55.545533539582,61.518861933029584,61.20024286359083,37.56910949545185,63.71955940664187,24438.858032226562,30.43261355185885,0.7192637731564119,5662.173983038501,0.23168733889169513,24515.151977539062,18.0,55.0,19173579.0,1.4133382288583607,19.0,8.418387666025627,259.0,11.436097999481344,35.73290282424337,35.0,-12.0,271.0,8.153861829673458,38.623296656047266,0.555287994900225,36570699.69177246,0.45225113698664987,214.91870033421208,8.96204525027525,5.557386676385834,0.22377696042434447,1.117662536342768,0.5253923926855089,0.35967324120441657,0.46564554056707536,1.1244046126848786,0.3077141915856819,0.7757205052260716,0.7726687031557761,0.996417120963025,0.9644898850132344,-0.07935499994789583,0.43815461365830066,0.42340081211097197,2.968832945508329,0.2278646654433343,2.6768536871355693,0.38516501356147315,0.4193194591345027,5.937665891016656,2.098419770149001,0.4107637322570692,5.590722928202062,600.6198552867035,0.046729935056928615,34.80934867103711,5812.783863689411,0.4247434508153103,9.1794911693768,235.7702481910838,2157.3649731580176,28.42708859396925,0.13637803785178124,0.02580258035382899,0.2914358733482785,0.005810274821735709,2278.8726593793613,0.35940231534475414,0.5992175744508491,9.197721709341133,7.089604782024513,64.81335463608481,0.8840741607084783,0.1488682319801324,3.5449290859281652,2318.52974577335,0.36369307276578094,0.49322815984295787,2.9166679712186534,0.6201843825259853,5.7113940823404326,0.09954176747725424,59.30493273542601,0.2659414024010135,2.6408735345573002,13.269058295964125,325389.36771300447,2929581.946188341,38684.67193188071,0.2633220152369202,114.39013452914799,0.5129602445253273,0.7426276775435616,10.264924726102569,0.19704609307745655,3.6435842921773998,0.017350035011281413,322067.37030706427,43.80229659503214,0.0005578599511412808,22.031547036261173,0.004758051954313611,0.060829097997188365
2211ac8f-8218-3c91-a898-762b49985c6d,/home/andrew/Desktop/ONKO/DicompylerDICOM,Right_Cochlear,2.2.0,1.17.0,1.2.0,1.0.0,3.6.8,"{'minimumROIDimensions': 2, 'minimumROISize': None, 'normalize': False, 'normalizeScale': 1, 'removeOutliers': None, 'resampledPixelSpacing': None, 'interpolator': 'sitkBSpline', 'preCrop': False, 'padDistance': 5, 'distances': [1], 'force2D': False, 'force2Ddimension': 0, 'resegmentRange': None, 'label': 1, 'additionalInfo': True}",{'Original': {}},e519b4d3d4381114558d2298ded7873c27952b7d,3D,"(0.9765625, 0.9765625, 2.0)","(512, 512, 186)",-871.3354057394048,-1024.0,2675.0,14c1c7a4638f958942a8efb3546ff62c26538c15,"(0.9765625, 0.9765625, 2.0)","(512, 512, 186)","(215, 254, 121, 10, 10, 3)",152,1,"(219.46052631578948, 258.4868421052632, 122.0)","(-35.19479851973685, -212.08316200657893, -642.0)",0.9213992918452736,0.6192348122193729,5.6056438155419395,9.05253339270606,10.641786486718583,9.968321405363342,9.264485332524549,10.819534042394398,273.4661102294922,8.340997857445055,0.7860601105197805,259.1974404461055,0.9478228955997053,289.9169921875,258.3,1650.3000000000002,166964669.0,5.65193543545995,713.5,2.0791388951824543,1853.0,419.7760560941828,922.5065789473684,935.5,-177.0,2030.0,317.9122222222222,1048.0704984574472,-0.008680711160757148,318459833.1451416,0.023891966759002764,247433.38153566478,2235.853286228512,2101124.785806601,143.45458534936782,946.8065280893159,545.1067163484422,0.26400785354024536,19.45177931243264,4.80473894912665,127.94403650357131,0.10779082230931601,0.04976656143640931,0.932406425350571,0.8226540533898059,-0.6809388854172622,0.999688407662698,0.04953127627384362,46.200535563978434,0.006823731020301431,7.269028243495484,0.9699270518298135,0.015082165947765859,92.40107112795684,5.734452875015837,372.9783111094394,6.111951918046204,88.36842105263158,0.5813711911357341,0.4395775623268698,3.6315789473684212,396.9051246537395,2462.3684210526317,2.276315789473684,5892.5,0.009416742454073666,0.008382913660795388,0.7910270467836258,1884.3944170321636,0.008215392980305256,3.553492673001024,0.023693373744134685,397.88578346235346,2458.6482087578047,1.044922715327921,2580.8493669937307,0.008526492217253741,0.00849095055925448,5.694247642457173,146.22571427549303,0.9746051340811748,0.9863360323886639,0.01574856802627112,0.9899445146509057,2431.2273705975053,0.00848251063990869,2.8294573643410854,0.02193377801814795,408.77952046151074,2410.8217054263564,1.6589147286821706,4202.976744186047,0.010241011767776965,0.009736720876911364,98.6124031007752,0.7644372333393425,0.8961024978466839,2119.3346791559,0.009653042256687124,6.000346418261153,0.8486842105263158,0.2705366264046632,0.016137237499323456,0.02590341836628803,20761.173479205783,2.4517520827638273,62.10194078478316
2211ac8f-8218-3c91-a898-762b49985c6d,/home/andrew/Desktop/ONKO/DicompylerDICOM,Ant Avoid,2.2.0,1.17.0,1.2.0,1.0.0,3.6.8,"{'minimumROIDimensions': 2, 'minimumROISize': None, 'normalize': False, 'normalizeScale': 1, 'removeOutliers': None, 'resampledPixelSpacing': None, 'interpolator': 'sitkBSpline', 'preCrop': False, 'padDistance': 5, 'distances': [1], 'force2D': False, 'force2Ddimension': 0, 'resegmentRange': None, 'label': 1, 'additionalInfo': True}",{'Original': {}},e519b4d3d4381114558d2298ded7873c27952b7d,3D,"(0.9765625, 0.9765625, 2.0)","(512, 512, 186)",-871.3354057394048,-1024.0,2675.0,44b55c8e0b14cd20884c3c81826d70eaa98716e4,"(0.9765625, 0.9765625, 2.0)","(512, 512, 186)","(237, 211, 30, 18, 21, 13)",1807,1,"(244.94244604316546, 222.10348644161593, 34.534034311012725)","(-10.310111285971232, -247.61378277185943, -816.9319313779746)",0.4809077136554931,0.41643782803392354,12.860118784943019,30.88124545663373,28.518925322713336,31.941766203869445,20.132351687586233,32.357059648275076,3407.9551696777344,14.851029147383812,0.7342352187343925,1491.5740796392645,0.43767420795629536,3446.5789794921875,-100.0,37.0,7103973.0,2.875826323309665,101.5,1.6129320662954076,68.0,47.40337475028704,-33.709463198671834,-42.0,-142.0,210.0,40.08650537571783,62.700582394829496,0.13333511527512626,13549753.189086914,0.14740468491070666,2795.0351235081916,30.541584787720396,405.87022718155316,7.260022031280929,15.809620373075955,1.7590280056190315,0.7994158274403582,0.9322706527531727,1.7473654842617294,0.85133559701133,0.6416764924092189,0.612872543163288,0.9799621749838813,0.9136802564577154,-0.25411976535545483,0.8617828380640051,0.46638396140099536,5.198753289422678,0.04280921116043247,4.99944781950581,0.8149054748609499,0.10336278720851011,10.397506578845356,3.7289059354318956,4.392162094673746,6.742740076251226,116.09684560044272,0.06424839269531972,20.30170807800569,266.3602656336469,4.568637185096757,31.267847260653017,98.08688433868289,3210.097952407305,6.467518681810177,0.0717414720761329,0.045452104477536254,1.4371338142318753,0.003511271073496366,175.57586404506048,0.1389357620510641,4.460081440041197,30.922185116232736,2.8617213090054348,91.01020716557166,0.1985972402185707,0.07335246992190049,4.125994414205678,706.3322928967272,0.5508571366035143,0.6992465199438083,0.7298600744586848,0.7661598367898776,23.51002171799322,0.057077651839562364,9.366666666666667,0.15611111111111112,5.888888888888888,34.333333333333336,6723.383333333333,209620.91666666666,421.82965522644247,0.09400815171747712,11.333333333333334,0.18888888888888888,0.4360910608542094,14.617501075356872,0.030895053119554535,4.872905595320044,0.03320420586607637,5816.369722222222,4.038549387651505,0.00694865644601641,17.920597632818,0.0748676835837459,0.1901810728886515
2211ac8f-8218-3c91-a898-762b49985c6d,/home/andrew/Desktop/ONKO/DicompylerDICOM,GTV_p_CF,2.2.0,1.17.0,1.2.0,1.0.0,3.6.8,"{'minimumROIDimensions': 2, 'minimumROISize': None, 'normalize': False, 'normalizeScale': 1, 'removeOutliers': None, 'resampledPixelSpacing': None, 'interpolator': 'sitkBSpline', 'preCrop': False, 'padDistance': 5, 'distances': [1], 'force2D': False, 'force2Ddimension': 0, 'resegmentRange': None, 'label': 1, 'additionalInfo': True}",{'Original': {}},e519b4d3d4381114558d2298ded7873c27952b7d,3D,"(0.9765625, 0.9765625, 2.0)","(512, 512, 186)",-871.3354057394048,-1024.0,2675.0,5fa9d07a85fd85073f26018bc2820f77023948fe,"(0.9765625, 0.9765625, 2.0)","(512, 512, 186)","(235, 177, 90, 45, 54, 12)",12980,1,"(257.6242681047766, 202.70608628659477, 94.58990755007704)","(2.074480571070893, -266.5565563607473, -696.8201848998459)",0.6870256736588123,0.47422730649141703,23.052531150223462,48.61072071277002,47.488845961158674,48.38662650981157,55.96308117927501,57.235185463822205,24680.137634277344,33.396813144731205,0.7114732298928159,5761.788054544397,0.23345850578005123,24757.38525390625,23.0,63.0,52088239.0,1.7178626064153624,19.0,147.7581717496483,108.0,17.820175664350277,39.40993836671803,45.0,-945.0,1053.0,8.064384428575126,63.34793921002612,-10.507443170867186,99350431.44226074,0.3975422066899176,2459.818160088651,1614.0598890271162,9865.45628831218,-230.77299950924652,8.152848482921232,2.834684163006563,0.47416093160281647,0.6199871877408486,1.318534780921132,2.4436500202353364,0.7687439345969231,0.7632760531132006,0.9986740181328665,0.9867477435822968,-0.136592477555998,0.5822558580113744,0.4016222008410407,40.15881024462706,0.20209335222525898,3.0129829381302637,0.652759931381689,0.3567950821187159,80.3176204892541,2.376859474696907,2.7468831614819487,5.999606999093763,561.9063174114021,0.0432901631287675,39.464289163605976,5160.097842835131,4.006733667536402,1611.0221109399076,233.27873651771958,378230.7222650231,0.14464415666720995,0.000822837443502565,0.035851905620645,47.94490382092016,0.00011043345777581418,2107.1780652920806,0.3220914327868349,7.602571565934872,1599.2294628401226,7.182260570284219,11619.222583619958,0.0048786451429918215,0.0010193508224719005,3.936811501857987,2495.65527283395,0.37646495955875897,0.5030105487732607,3.0118103964847185,0.6317234942892894,1001.1295105129658,0.0007817888813854842,35.156565656565654,0.08877920620344863,68.30090679522498,1253.8510101010102,164656.4797979798,267126335.18434343,101.55690717560205,0.0048014710343469574,176.93939393939394,0.4468166513621059,0.6949854392975503,810.5936379202659,0.00267701269620139,5.769727996177003,0.030508474576271188,163582.09708193043,0.6885574135118364,0.0005257412638915873,571.9131303005137,0.003188439697951885,4.474508329048351
2211ac8f-8218-3c91-a898-762b49985c6d,/home/andrew/Desktop/ONKO/DicompylerDICOM,Hotspot,2.2.0,1.17.0,1.2.0,1.0.0,3.6.8,"{'minimumROIDimensions': 2, 'minimumROISize': None, 'normalize': False, 'normalizeScale': 1, 'removeOutliers': None, 'resampledPixelSpacing': None, 'interpolator': 'sitkBSpline', 'preCrop': False, 'padDistance': 5, 'distances': [1], 'force2D': False, 'force2Ddimension': 0, 'resegmentRange': None, 'label': 1, 'additionalInfo': True}",{'Original': {}},e519b4d3d4381114558d2298ded7873c27952b7d,3D,"(0.9765625, 0.9765625, 2.0)","(512, 512, 186)",-871.3354057394048,-1024.0,2675.0,a3afb4771e97395970389809838b180512abdf52,"(0.9765625, 0.9765625, 2.0)","(512, 512, 186)","(193, 211, 99, 15, 15, 7)",611,1,"(200.2569558101473, 217.90180032733224, 102.0671031096563)","(-53.94828534165302, -251.71699186783962, -681.8657937806875)",0.7832306768581069,0.6903454023706824,10.133030279146174,14.678203467928974,16.530203254313186,17.069488323925384,14.938533731228862,17.887919418781284,1140.276590983073,11.496419237247022,0.7777081692257605,678.6944055945607,0.5952015598333332,1165.3900146484375,-8.0,67.0,29825114.0,2.7002144068884757,30.0,26.756808565432426,1534.0,87.13738578863766,76.34369885433715,39.0,-112.0,1646.0,13.859059818069444,220.93801665016667,4.7916893538473175,56886890.41137695,0.2532110435791184,42985.24684654762,83.05451153195479,615595.4134496036,7700.037385095933,116.78795777716003,30.77874742697598,0.583879402884871,1.8370638617906354,2.0525318336951774,26.916170678188607,0.6471196937659298,0.6240641381549792,0.9944867068622075,0.9773137610191605,-0.2369240718374856,0.8049689467014832,0.4315487407146937,7.8371033365550655,0.10435658700688807,4.20374075514705,0.87309000002981,0.23806214562681885,15.674206673110131,3.155699554085129,36.891676301034,6.1222430659989575,36.198036006546644,0.059243921450976504,27.0591260604145,154.71194762684124,69.07681057320643,142.4860883797054,102.38788870703765,5334.571194762684,2.1411874301489267,0.029465049442020098,0.13341896497675593,97.47833189406602,0.0036452549035274856,87.2385449419607,0.20228348077532418,96.6961811674174,182.00257865044028,2.745472898609534,270.7424758278727,0.07116700674943008,0.032326133908627465,4.122368850929184,243.57393094407877,0.5601774748502689,0.7046455998992823,0.6828908515751965,0.7746498567049902,170.65051108783985,0.02699358332265868,3.857142857142857,0.04591836734693878,342.1020408163265,719.5714285714286,1034.2738095238096,52803.01190476191,21.293107134447883,0.03518296381489493,46.73809523809524,0.55640589569161,0.7670162990356973,695.8329983306634,0.014904420395448235,5.534709089239364,0.13747954173486088,981.3655045351475,0.19847597097580275,0.010432198429598862,1915.207153832328,0.15127418247011923,64.2112924235934
2211ac8f-8218-3c91-a898-762b49985c6d,/home/andrew/Desktop/ONKO/DicompylerDICOM,PTV_70cf,2.2.0,1.17.0,1.2.0,1.0.0,3.6.8,"{'minimumROIDimensions': 2, 'minimumROISize': None, 'normalize': False, 'normalizeScale': 1, 'removeOutliers': None, 'resampledPixelSpacing': None, 'interpolator': 'sitkBSpline', 'preCrop': False, 'padDistance': 5, 'distances': [1], 'force2D': False, 'force2Ddimension': 0, 'resegmentRange': None, 'label': 1, 'additionalInfo': True}",{'Original': {}},e519b4d3d4381114558d2298ded7873c27952b7d,3D,"(0.9765625, 0.9765625, 2.0)","(512, 512, 186)",-871.3354057394048,-1024.0,2675.0,4c31e5e23ceb8c2f585bc0ecf2aad40ee4d6f397,"(0.9765625, 0.9765625, 2.0)","(512, 512, 186)","(188, 169, 78, 129, 115, 29)",128370,2,"(264.6667289865233, 227.72118096128378, 94.56922957077198)","(8.95188377590165, -242.12775296749632, -696.861540858456)",0.7134615986976681,0.4056495004392133,52.160072363212656,128.5840912086341,132.17448429752395,92.22723223496764,124.682978115452,132.61028953894024,244606.57437642416,91.73981128079886,0.6012794349684375,31457.18510377307,0.1286031873181124,244846.34399414062,-58.0,79.0,11800843235.0,3.536578595266673,48.0,14.431615013137087,1940.0,116.55493289804585,34.83627794656072,34.0,-1024.0,2964.0,23.184483574475856,303.1968953756421,1.011258784967248,22508322210.31189,0.1708496600877698,90714.79110425801,1960.958106824834,4053812.0157864746,10278.899324750844,530.1565735076858,38.2197434766013,0.865347667450833,2.281785362884074,2.413974241775067,32.87466109922379,0.6349150824524136,0.6099120004982725,0.9974733658208013,0.9830144960223947,-0.2816601884201577,0.9230155715516253,0.3930300163266167,42.87157102622838,0.06267280501474756,5.991271641469334,0.9149451930275608,0.18679508657926483,85.74314205245622,4.4579743049201275,142.09407924607183,7.605437776841847,5720.128550284335,0.04455969891940745,42.77217404685395,21931.97086546701,145.13760002376137,1986.7107657552388,161.80763418244138,289852.4371504246,2.8236073277642255,0.01442457382057747,0.09953448545236164,307.3283074894216,0.0005493666258470917,9798.619741709843,0.12303149871515069,197.4631447183022,2105.590386132014,4.366006140682358,8161.2815078110925,0.06733632833863656,0.012757585506662976,5.456970807808653,40727.25096567207,0.5098793173184168,0.6188331805298386,1.7078389100012588,0.7415630916713669,1640.466941005154,0.008266219957847506,180.66146248207744,0.014390748963045836,619.0972227760051,3264.8531942010513,166595.28978811533,307622466.376852,254.974316474385,0.00467126722531979,6945.679942647762,0.553264293663196,0.7717431907887708,2574.7567079948335,0.003232555586741672,7.84617749962534,0.09779543507049934,166490.73044798232,1.6051236192113072,6.981429536702254e-05,9534.288991988715,0.030814846324666387,2.0112544242693033
2211ac8f-8218-3c91-a898-762b49985c6d,/home/andrew/Desktop/ONKO/DicompylerDICOM,Mouth Avoid,2.2.0,1.17.0,1.2.0,1.0.0,3.6.8,"{'minimumROIDimensions': 2, 'minimumROISize': None, 'normalize': False, 'normalizeScale': 1, 'removeOutliers': None, 'resampledPixelSpacing': None, 'interpolator': 'sitkBSpline', 'preCrop': False, 'padDistance': 5, 'distances': [1], 'force2D': False, 'force2Ddimension': 0, 'resegmentRange': None, 'label': 1, 'additionalInfo': True}",{'Original': {}},e519b4d3d4381114558d2298ded7873c27952b7d,3D,"(0.9765625, 0.9765625, 2.0)","(512, 512, 186)",-871.3354057394048,-1024.0,2675.0,657678e67f67d711b31fc2d7337f3641d3bdab9a,"(0.9765625, 0.9765625, 2.0)","(512, 512, 186)","(226, 165, 109, 54, 48, 5)",6621,1,"(253.39616372149223, 190.24739465337564, 110.91874339223682)","(-2.054527615730251, -278.7232474088129, -664.1625132155264)",0.9472317723334526,0.2446134776767289,10.623550149808493,43.42994609580809,52.7722872977913,47.257439890455345,51.98762364924283,52.997699615651065,12553.215026855469,41.13822481267861,0.5809592208620854,4496.160308160277,0.3581680309419943,12628.555297851562,-631.0,739.0,1702025006.0,6.0411269394737275,532.0,2.8373119969901768,1225.0,375.12083531137085,167.0931883401299,194.0,-1015.0,2240.0,257.6398059113879,507.0154274865899,-0.565945804862905,3246355068.206787,0.01886873885389955,229144.51011973934,2650.4995175081126,3700260.0793219428,-22465.755696492877,1067.8645491270183,309.2539832913487,0.5399249889835379,12.51572380775132,4.894410548553418,126.41846167755845,0.211748433013166,0.1429813535665834,0.9670560392444425,0.8903844154937857,-0.18028169537336633,0.9134195120857103,0.13891956451132884,49.597712179064395,0.001055050563918617,10.915190598499636,0.5956096881301028,0.009053194065868991,99.19542435812878,6.865200127168844,344.2796331045916,8.036053799399184,1766.2025373810602,0.2667576706511192,3.2174199337049183,124.92991995166894,366.89729878485025,2690.3236671197706,8.826612294215375,18944.186225645673,0.053430920496143806,0.0040057285028030415,0.4926944959700342,1403.4436396223261,0.0012283368675216329,114.19415687391542,0.018189081330766504,367.9785715105942,2716.2285035560144,1.2102156827148716,3166.388470808675,0.005425787363443595,0.0038608806456667416,6.316645125646224,5741.4933218602655,0.9118166710871302,0.9473702554808129,0.08622901787007163,0.963416538007593,2629.7869333812805,0.003657713166179751,58.87058506335939,0.015872360491604044,365.71592275782217,2868.38581827986,16.886761930439473,32585.103531949313,0.10013323663355012,0.002608599750349528,1992.109733081693,0.5371015726831203,0.7612539446645832,2181.1782318836117,0.001677335403638374,7.485951355712949,0.5601872828877813,13.700118218922137,0.16049590817222895,0.0013860243697485538,23165.164258848024,0.7050570784960397,3.709184352158302
2211ac8f-8218-3c91-a898-762b49985c6d,/home/andrew/Desktop/ONKO/DicompylerDICOM,Big Ring,2.2.0,1.17.0,1.2.0,1.0.0,3.6.8,"{'minimumROIDimensions': 2, 'minimumROISize': None, 'normalize': False, 'normalizeScale': 1, 'removeOutliers': None, 'resampledPixelSpacing': None, 'interpolator': 'sitkBSpline', 'preCrop': False, 'padDistance': 5, 'distances': [1], 'force2D': False, 'force2Ddimension': 0, 'resegmentRange': None, 'label': 1, 'additionalInfo': True}",{'Original': {}},e519b4d3d4381114558d2298ded7873c27952b7d,3D,"(0.9765625, 0.9765625, 2.0)","(512, 512, 186)",-871.3354057394048,-1024.0,2675.0,650163f259ca54b58459916dd5906b1d8041f61e,"(0.9765625, 0.9765625, 2.0)","(512, 512, 186)","(139, 146, 14, 219, 179, 123)",940854,14,"(249.10285336513422, 258.376855495114, 70.0886216139805)","(-6.247213510611118, -212.19057080555274, -745.822756772039)",0.554254868266363,0.4197232055069759,137.79617628211437,328.30249667914575,273.3572315220335,252.88184501672416,216.2815877963877,273.6518718826226,1794777.1549224854,181.96325704841803,0.3181368326327339,224496.9922600494,0.12508349108652722,1794536.5905761719,-723.0,311.0,159927568928.0,4.943680623763656,139.0,5.501636169486888,1962.0,254.51963384211456,-31.578665765357854,27.0,-1024.0,2986.0,119.11619392331004,412.28786281272517,0.29187897801941487,305037629943.84766,0.07533294360441732,168984.0696911643,1860.7498357829625,5543608.477613743,5369.953627058626,1020.1990852876636,63.460344301629824,0.8827447618360533,3.812249419519435,3.2579810729958174,48.36465176376751,0.5092192111088071,0.463487167385737,0.9958551613849669,0.9718478096334846,-0.29395725361145475,0.9689912499431588,0.3386926136937713,40.26864174127976,0.02251843362790972,8.396996463561642,0.9334637033551646,0.11054351753818265,80.53728348255953,5.918011612993917,270.9148573973241,8.615517394848842,60532.449563906834,0.0643377713905737,38.7800384422292,70877.30132199045,270.42836304618277,1891.0939072374672,101.17041538857251,171671.5794916108,1.4831608948062407,0.009787233536816452,0.18089497568665086,468.11670526281546,0.0005541643608142172,34244.62078793305,0.049423454913406835,317.5555517472464,1968.9853619145326,2.8453513515991062,5111.317919958318,0.03282263581951999,0.008228311429852798,6.3292111604412815,451581.527683357,0.6514050357184614,0.7346631562716099,0.9753556436031261,0.8332625668291799,1692.3833557765793,0.005869900638794832,2342.7475256453613,0.013204528946259505,492.74876865312854,2683.323255551798,221972.19634764965,404786180.0635272,174.62342865212656,0.002716685308938658,91965.63537368955,0.5183498781066934,0.7480339572846925,2053.676948366596,0.0017395931715306527,8.019012407533735,0.188573359947452,221944.0747933078,10.578070065820137,1.3105926237984098e-05,15237.6945367076,0.09119035509881167,0.19919390735894646
2211ac8f-8218-3c91-a898-762b49985c6d,/home/andrew/Desktop/ONKO/DicompylerDICOM,Brainstem +0,2.2.0,1.17.0,1.2.0,1.0.0,3.6.8,"{'minimumROIDimensions': 2, 'minimumROISize': None, 'normalize': False, 'normalizeScale': 1, 'removeOutliers': None, 'resampledPixelSpacing': None, 'interpolator': 'sitkBSpline', 'preCrop': False, 'padDistance': 5, 'distances': [1], 'force2D': False, 'force2Ddimension': 0, 'resegmentRange': None, 'label': 1, 'additionalInfo': True}",{'Original': {}},e519b4d3d4381114558d2298ded7873c27952b7d,3D,"(0.9765625, 0.9765625, 2.0)","(512, 512, 186)",-871.3354057394048,-1024.0,2675.0,e71ed427328ed23197b4c192dd14170162c4b125,"(0.9765625, 0.9765625, 2.0)","(512, 512, 186)","(229, 252, 109, 45, 36, 32)",23178,1,"(250.6768487358702, 269.92902752610235, 126.9850289067219)","(-4.710108656376747, -200.9091528065407, -632.0299421865562)",0.5950115194015709,0.47820706469581414,29.69570858768469,62.09801314117771,66.28209717751845,66.28209717751845,44.0645084870253,69.16879987376218,44124.44432576498,36.94903315095087,0.7527598852240386,8021.95995945695,0.18180308176193388,44208.526611328125,11.0,52.0,30609400.0,1.5423897372255826,21.0,122.9601839742044,717.0,12.690510454192516,31.837690913797566,32.0,-63.0,780.0,8.825892310739777,36.34037705601446,3.802631929749187,58382797.24121094,0.4109756372962685,306.9844418507941,23.359620114309994,53.6203737750634,2.085608320338353,1.5099965240979298,0.6373468781200597,0.40602799034745135,0.49310102273800305,1.1756197264325179,0.3928818497345503,0.7676306378372529,0.7634474250319816,0.9993927479802391,0.9851692062598729,-0.10169028417426554,0.5088355772690358,0.42947073167404276,4.810555905022041,0.1941072333365764,2.8968423482575103,0.4671227804302223,0.3621752484974222,9.621111810044082,2.266736548854011,0.5368358505544975,5.78384368625089,1105.5654499956856,0.0476989149191339,33.23291471948374,9525.593321252913,0.571331090690266,23.616964362757788,233.47165415480197,5526.691517818621,10.36924982422326,0.04682777830681776,0.025828228908135274,0.7728979301519227,0.001448538891269255,3927.956570063407,0.3428414065577459,0.8192900210771221,23.64763873503751,6.973456336456839,165.408877478371,0.31321793664073055,0.048648718482476136,3.690587006407252,4139.042135824894,0.35919874603187607,0.4942086992307028,2.8128314807385006,0.6150613929151969,14.630602856028771,0.03090832982217703,101.19858156028369,0.23924014553258555,6.295770948253218,33.56737588652482,513046.8841607565,12061073.182033097,22672.693645597697,0.06086975611839142,210.25768321513002,0.4970630808868322,0.731502876267108,26.299184573251026,0.042573090137372066,4.117420022934417,0.018250064716541548,510044.4659725366,22.54113477412913,0.0003141021117291669,91.95453790006712,0.0017438195098332249,0.3092512902454135
2211ac8f-8218-3c91-a898-762b49985c6d,/home/andrew/Desktop/ONKO/DicompylerDICOM,Cord,2.2.0,1.17.0,1.2.0,1.0.0,3.6.8,"{'minimumROIDimensions': 2, 'minimumROISize': None, 'normalize': False, 'normalizeScale': 1, 'removeOutliers': None, 'resampledPixelSpacing': None, 'interpolator': 'sitkBSpline', 'preCrop': False, 'padDistance': 5, 'distances': [1], 'force2D': False, 'force2Ddimension': 0, 'resegmentRange': None, 'label': 1, 'additionalInfo': True}",{'Original': {}},e519b4d3d4381114558d2298ded7873c27952b7d,3D,"(0.9765625, 0.9765625, 2.0)","(512, 512, 186)",-871.3354057394048,-1024.0,2675.0,8b9067e707350171b4bb1d3ab838aadf64cb4d4e,"(0.9765625, 0.9765625, 2.0)","(512, 512, 186)","(235, 266, 5, 27, 78, 104)",21379,1,"(245.4958136489078, 292.2813040834464, 59.84250900416296)","(-9.76971323348846, -179.08075773100938, -766.3149819916741)",0.13227978586641448,0.07057340181787546,17.70508835597091,250.87480410341234,118.48795125364079,219.87753507834515,22.798081113142093,220.5033838959627,40611.18761698405,33.18566536607807,0.464240158046865,12307.557659872276,0.3030583044245946,40777.20642089844,-26.199999999999818,67.0,107659387.0,2.8330481277278468,40.0,36.174464804230865,988.0,35.05225265666081,29.177183217175735,30.0,-333.0,1321.0,17.739363711539966,70.9630474577795,3.4754592731909777,205343984.60388184,0.20667382367359943,4184.446084006423,244.71434180059853,5789.691164643219,102.4368406257177,15.181336379060841,5.5381754785103885,0.46136578406580653,1.1746912992198895,2.0043228269814026,4.135518379950162,0.637693300493589,0.6098241313500234,0.9982279947612429,0.9798238350782437,-0.15927080295114981,0.7448126405018105,0.44955834709285125,15.566093393714349,0.06890474358139159,4.998608125365174,0.7144018826596946,0.1771786159758458,31.132186787428715,3.5569073188096336,5.179877964392807,6.818222767051399,1088.8354459984096,0.050930139201946285,31.234595969955834,4418.479676317882,6.772242101148016,252.9064970297956,124.35497450769446,30885.76986762711,0.5110412935046709,0.004499173775052415,0.08032398580836426,30.799831273539752,0.00042870346273923864,2411.7600953078277,0.1688670698339519,9.413187664266495,256.831752150336,3.3839433192398833,845.792536087394,0.014548069447896014,0.004644653910966912,4.38989230853433,7766.941497447435,0.5405282327793971,0.6673119200365564,1.091896543813554,0.7622654209512146,199.1079044484103,0.0036246976550370564,95.01287830006439,0.061180217836487055,44.517072454742475,407.67353509336766,36641.38248551191,8897831.649710238,152.10602028611987,0.005560832101287163,740.070186735351,0.47654229667440495,0.7170896464250612,329.6655337459496,0.0039848550340504715,6.159604221619394,0.07264137705224753,36451.87260268122,1.654008332065022,0.0004365515330945613,1138.6635249737928,0.004864114635052609,1.7221271020974596
2211ac8f-8218-3c91-a898-762b49985c6d,/home/andrew/Desktop/ONKO/DicompylerDICOM,R Parotid,2.2.0,1.17.0,1.2.0,1.0.0,3.6.8,"{'minimumROIDimensions': 2, 'minimumROISize': None, 'normalize': False, 'normalizeScale': 1, 'removeOutliers': None, 'resampledPixelSpacing': None, 'interpolator': 'sitkBSpline', 'preCrop': False, 'padDistance': 5, 'distances': [1], 'force2D': False, 'force2Ddimension': 0, 'resegmentRange': None, 'label': 1, 'additionalInfo': True}",{'Original': {}},e519b4d3d4381114558d2298ded7873c27952b7d,3D,"(0.9765625, 0.9765625, 2.0)","(512, 512, 186)",-871.3354057394048,-1024.0,2675.0,79a24c9ab5891f8e1964e17a8039f71206d38fd8,"(0.9765625, 0.9765625, 2.0)","(512, 512, 186)","(180, 230, 109, 29, 39, 12)",4179,1,"(192.91624790619767, 248.12060301507537, 113.96889207944484)","(-61.11694540410383, -222.20644236809045, -658.0622158411103)",0.7654449828552394,0.5725502942059785,18.1791064376851,31.751108368385637,32.87086420188715,39.51683361758829,36.013845536300344,40.998425709343174,7893.6417897542315,24.303726600673794,0.5721999617520598,3350.58965277895,0.42446689905892865,7970.8099365234375,-32.0,59.0,23445419.0,2.641362618330092,43.0,164.35434993174442,1436.0,31.723493205266752,17.75185451064848,16.0,-711.0,2147.0,18.017407945101702,74.90189643457029,9.366648287428553,44718587.87536621,0.20586443882031655,5295.165750927864,915.7703530917581,32066.33164296329,340.49509320334266,11.91037221563179,3.010471897472839,0.5338728793597047,0.9103944556599903,1.7012991048139843,2.1688845972868003,0.6605943623106232,0.6379976215671336,0.999619347634141,0.9898849403178512,-0.1736280285071061,0.7418727674164157,0.47727339950101894,30.22490447261854,0.06707933917005596,4.577544381212882,0.7083643218020307,0.154350134606216,60.44980894523707,3.3560703222428905,3.730211028276158,6.604815056133579,243.4474754726011,0.0582549594335011,23.56855701380912,860.3074898301029,8.549897815746082,921.8217276860493,107.15601818616894,98996.67312754247,0.11681526438267115,0.001355665680577603,0.0651334836096227,70.75976771515175,0.00031689685183824306,532.7934202660324,0.18529482952383353,11.94103918613797,923.076991569697,3.031047364404334,2791.6910297074915,0.0036998571411948422,0.00147931970181747,4.0360075582509,1576.4448263300435,0.5412113224178483,0.6868223903399782,0.8263204459378769,0.7604128638157474,703.3160810150124,0.0012161700566988344,18.98283261802575,0.08147138462671996,117.7333898211424,1116.3476394849786,13563.017167381975,12417679.18025751,14.860672719585663,0.005521054839593973,94.95708154506438,0.40754112251100594,0.662998616024033,819.7862173083128,0.0050977075167799825,5.791022558693049,0.055754965302704,13241.330619462506,0.2241537952292711,0.0022966780795235842,859.6893397403979,0.009052858235422496,14.728613293981118
2211ac8f-8218-3c91-a898-762b49985c6d,/home/andrew/Desktop/ONKO/DicompylerDICOM,SPTV 56,2.2.0,1.17.0,1.2.0,1.0.0,3.6.8,"{'minimumROIDimensions': 2, 'minimumROISize': None, 'normalize': False, 'normalizeScale': 1, 'removeOutliers': None, 'resampledPixelSpacing': None, 'interpolator': 'sitkBSpline', 'preCrop': False, 'padDistance': 5, 'distances': [1], 'force2D': False, 'force2Ddimension': 0, 'resegmentRange': None, 'label': 1, 'additionalInfo': True}",{'Original': {}},e519b4d3d4381114558d2298ded7873c27952b7d,3D,"(0.9765625, 0.9765625, 2.0)","(512, 512, 186)",-871.3354057394048,-1024.0,2675.0,2ce58652c94ce74b27bb57d742322d9d1cbcb1b5,"(0.9765625, 0.9765625, 2.0)","(512, 512, 186)","(168, 166, 29, 160, 132, 93)",432088,1,"(251.89415119142396, 240.8751458036326, 81.9610310862602)","(-3.521336727125032, -229.28208417614005, -722.0779378274796)",0.6877807818579869,0.48194554189922983,91.36242079631988,189.57000916801277,210.1688402362491,190.05756734802748,156.61882738765846,210.1892587053336,823683.8181813558,130.3826091224016,0.4742222611385229,89607.12503112931,0.10878825473223018,824142.4560546875,-91.0,98.0,36219176966.0,3.9570535119600763,74.0,12.918097325003627,1950.0,127.25502306644006,20.42959767454778,29.0,-1024.0,2974.0,33.73636913858705,289.5230772166961,0.43782882728566386,69082597667.69409,0.12462387439179826,83406.2437798811,1895.2808113989574,2982233.236599118,1855.4036164288611,478.1260024645375,38.419951697506306,0.8508420404685484,2.5618447708932583,2.677271016483367,31.66595459513652,0.5855749486453278,0.5509624377892506,0.9974771065161866,0.980854439369048,-0.26659092598526574,0.9303035105427451,0.3874046681296474,42.25344740250102,0.038029183096152316,6.761819265958412,0.9094182910799018,0.12701116846335397,84.5068948050019,4.897509297804641,129.13648854051047,7.91169884735285,21432.189938160744,0.049601446784360466,38.30315608800945,53848.48063820333,133.454135352538,1926.0697820814278,129.90461665216344,228147.50099979635,2.9245493725811853,0.01342828434240445,0.11434438564106447,320.37788920323464,0.00046585071782301107,27489.85297824956,0.09474916846550906,164.53843330112008,2009.8597062147028,3.4834631416148976,6379.628275817075,0.06420838457754814,0.010382351833925323,5.593805975728842,163485.21375135923,0.5620991161386593,0.6703513386874184,1.2306459896710151,0.7777580362072622,1619.126283997226,0.006507492551080163,717.8623390580115,0.01483585134556826,487.4784044978014,2968.1779610225885,403743.1971397276,741342415.866121,616.5906665958863,0.0035734048513246606,25898.93200653068,0.5352456652929646,0.7597266459469404,2305.839991852048,0.0024265738021608803,7.869914780558413,0.11198413286182445,403663.45515934046,4.974941687611476,2.294391493159097e-05,10757.13818614535,0.030619222801971657,0.5639213073421959
